{"name":"8ee832ac-aaee-46ae-b899-e6f2ccd42fb9","id":"/providers/Microsoft.Flow/flows/8ee832ac-aaee-46ae-b899-e6f2ccd42fb9","type":"Microsoft.Flow/flows","properties":{"apiId":"/providers/Microsoft.PowerApps/apis/shared_logicflows","displayName":"Send reminders for planner tasks","definition":{"metadata":{"workflowEntityId":null,"processAdvisorMetadata":null,"flowChargedByPaygo":null,"flowclientsuspensionreason":"None","flowclientsuspensiontime":null,"flowclientsuspensionreasondetails":null,"creator":{"id":"0843e5a1-3988-4150-9a7f-3f7ac723c35d","type":"User","tenantId":"dcbb3972-8062-4c73-b0d8-d7700222adc8"},"provisioningMethod":"FromDefinition","failureAlertSubscription":true,"clientLastModifiedTime":"2025-09-24T07:44:25.7400591Z","connectionKeySavedTimeKey":"2025-09-24T07:44:25.7400591Z","creationSource":"Portal","modifiedSources":"Portal"},"$schema":"https://schema.management.azure.com/providers/Microsoft.Logic/schemas/2016-06-01/workflowdefinition.json#","contentVersion":"1.0.0.0","parameters":{"$authentication":{"defaultValue":{},"type":"SecureObject"},"$connections":{"defaultValue":{},"type":"Object"}},"triggers":{"When_a_new_task_is_created":{"recurrence":{"frequency":"Minute","interval":1},"splitOn":"@triggerOutputs()?['body/value']","type":"OpenApiConnection","inputs":{"parameters":{"groupId":"12548cd6-3b90-4f01-865b-9c01953c73ce","id":"04FrUnwZZ062AWWkN1Qmj2UAFpjd"},"host":{"apiId":"/providers/Microsoft.PowerApps/apis/shared_planner","connectionName":"shared_planner","operationId":"OnNewTask_V3"},"authentication":"@parameters('$authentication')"}}},"actions":{"For_each":{"foreach":"@triggerOutputs()?['body/_assignments']","actions":{"Get_user_profile_(V2)":{"type":"OpenApiConnection","inputs":{"parameters":{"id":"@item()?['userId']"},"host":{"apiId":"/providers/Microsoft.PowerApps/apis/shared_office365users","connectionName":"shared_office365users","operationId":"UserProfile_V2"},"authentication":"@parameters('$authentication')"}},"Set_variable":{"runAfter":{"Get_user_profile_(V2)":["Succeeded"]},"type":"SetVariable","inputs":{"name":"AssigneeDisplayName","value":"outputs('Get_user_profile_(V2)')?['body']['displayName']"}},"Post_card_in_a_chat_or_channel":{"runAfter":{"Set_variable":["Succeeded"]},"type":"OpenApiConnection","inputs":{"parameters":{"poster":"Flow bot","location":"Group chat","body/recipient":"19:fe034178fdf34f54bf8e6ed35e9a3681@thread.v2","body/messageBody":"{\n  \"$schema\": \"http://adaptivecards.io/schemas/adaptive-card.json\",\n  \"type\": \"AdaptiveCard\",\n  \"version\": \"1.5\",\n  \"body\": [\n    {\n      \"type\": \"TextBlock\",\n      \"text\": \"Hi <at>@{outputs('Get_user_profile_(V2)')?['body']['displayName']}</at>,\\n\\nA new task has been assigned to you:\",\n      \"weight\": \"Bolder\",\n      \"size\": \"Medium\",\n      \"wrap\": true\n    },\n    {\n      \"type\": \"FactSet\",\n      \"facts\": [\n        {\n          \"title\": \"🔹 Task:\",\n          \"value\": \"@{triggerOutputs()?['body']['title']}\"\n        },\n        {\n          \"title\": \"📅 Due:\",\n          \"value\": \"@{formatDateTime(triggerOutputs()?['body']['dueDateTime'], 'MMM dd, yyyy')}\"\n        },\n        {\n          \"title\": \"🔗 View:\",\n          \"value\": \"[Open in Planner](https://tasks.office.com/YourTenantName.onmicrosoft.com/en-US/planner?plannerTaskId=@{triggerOutputs()?['body']['id']}&plannerPlanId=@{triggerOutputs()?['body']['planId']})\"\n        }\n      ]\n    },\n    {\n      \"type\": \"TextBlock\",\n      \"text\": \"Please update the status by the due date.\",\n      \"wrap\": true,\n      \"separator\": true\n    }\n  ],\n  \"actions\": [\n    {\n      \"type\": \"Action.OpenUrl\",\n      \"title\": \"View Task\",\n      \"url\": \"https://tasks.office.com/YourTenantName.onmicrosoft.com/en-US/planner?plannerTaskId=@{triggerOutputs()?['body']['id']}&plannerPlanId=@{triggerOutputs()?['body']['planId']}\"\n    }\n  ],\n  \"msteams\": {\n    \"entities\": [\n      {\n        \"type\": \"mention\",\n        \"text\": \"<at>@{outputs('Get_user_profile_(V2)')?['body']['displayName']}</at>\",\n        \"mentioned\": {\n          \"id\": \"@{outputs('Get_user_profile_(V2)')?['body']['userPrincipalName']}\",\n          \"name\": \"@{outputs('Get_user_profile_(V2)')?['body']['displayName']}\"\n        }\n      }\n    ]\n  }\n}"},"host":{"apiId":"/providers/Microsoft.PowerApps/apis/shared_teams","connectionName":"shared_teams","operationId":"PostCardToConversation"},"authentication":"@parameters('$authentication')"}}},"runAfter":{"Initialize_variable_1":["Succeeded"]},"type":"Foreach"},"Initialize_variable_1":{"runAfter":{},"type":"InitializeVariable","inputs":{"variables":[{"name":"AssigneeDisplayName","type":"string"}]}}},"outputs":{}},"connectionReferences":{"shared_planner":{"connectionName":"shared-planner-59adeb21-0433-4f0c-8571-d2b86a7b0375","source":"Embedded","id":"/providers/Microsoft.PowerApps/apis/shared_planner","tier":"NotSpecified","apiName":"planner","isProcessSimpleApiReferenceConversionAlreadyDone":false},"shared_office365users":{"connectionName":"shared-office365user-bdc08773-839e-433b-b822-5a160c034269","source":"Embedded","id":"/providers/Microsoft.PowerApps/apis/shared_office365users","tier":"NotSpecified","apiName":"office365users","isProcessSimpleApiReferenceConversionAlreadyDone":false},"shared_teams":{"connectionName":"shared-teams-d2f2c4dd-47b8-47e5-b674-a278bfd8aa99","source":"Embedded","id":"/providers/Microsoft.PowerApps/apis/shared_teams","tier":"NotSpecified","apiName":"teams","isProcessSimpleApiReferenceConversionAlreadyDone":false}},"flowFailureAlertSubscribed":false,"isManaged":false}}