{"name":"c5b14ea3-b599-4b5a-9979-dda10aeac5f7","id":"/providers/Microsoft.Flow/flows/c5b14ea3-b599-4b5a-9979-dda10aeac5f7","type":"Microsoft.Flow/flows","properties":{"apiId":"/providers/Microsoft.PowerApps/apis/shared_logicflows","displayName":"Send recurring reminders for incomplete planner tasks","definition":{"metadata":{"workflowEntityId":null,"processAdvisorMetadata":null,"flowChargedByPaygo":null,"flowclientsuspensionreason":"None","flowclientsuspensiontime":null,"flowclientsuspensionreasondetails":null,"creator":{"id":"0843e5a1-3988-4150-9a7f-3f7ac723c35d","type":"User","tenantId":"dcbb3972-8062-4c73-b0d8-d7700222adc8"},"provisioningMethod":"FromDefinition","failureAlertSubscription":true,"clientLastModifiedTime":"2025-09-25T04:08:19.7229081Z","connectionKeySavedTimeKey":"2025-09-25T04:08:19.7229081Z","creationSource":null,"modifiedSources":"Portal"},"$schema":"https://schema.management.azure.com/providers/Microsoft.Logic/schemas/2016-06-01/workflowdefinition.json#","contentVersion":"1.0.0.0","parameters":{"$authentication":{"defaultValue":{},"type":"SecureObject"},"$connections":{"defaultValue":{},"type":"Object"}},"triggers":{"Recurrence":{"recurrence":{"interval":1,"frequency":"Day","timeZone":"Pacific Standard Time","schedule":{"hours":["9"]}},"type":"Recurrence"}},"actions":{"List_tasks":{"runAfter":{},"type":"OpenApiConnection","inputs":{"parameters":{"groupId":"12548cd6-3b90-4f01-865b-9c01953c73ce","id":"04FrUnwZZ062AWWkN1Qmj2UAFpjd"},"host":{"apiId":"/providers/Microsoft.PowerApps/apis/shared_planner","connectionName":"shared_planner","operationId":"ListTasks_V3"},"authentication":"@parameters('$authentication')"}},"Apply_to_each":{"foreach":"@outputs('List_tasks')?['body/value']","actions":{"Condition":{"actions":{"Does_task_has_assignments":{"actions":{"Get_first_assignee":{"type":"Compose","inputs":"@first(items('Apply_to_each')?['_assignments'])?['userId']"},"Get_assignee_profile":{"runAfter":{"Get_first_assignee":["Succeeded"]},"type":"OpenApiConnection","inputs":{"parameters":{"id":"@outputs('Get_first_assignee')"},"host":{"apiId":"/providers/Microsoft.PowerApps/apis/shared_office365users","connectionName":"shared_office365users","operationId":"UserProfile_V2"},"authentication":"@parameters('$authentication')"}},"Post_card_in_a_chat_or_channel":{"runAfter":{"Get_assignee_profile":["Succeeded"]},"type":"OpenApiConnection","inputs":{"parameters":{"poster":"Flow bot","location":"Group chat","body/recipient":"19:fe034178fdf34f54bf8e6ed35e9a3681@thread.v2","body/messageBody":"{\n    \"$schema\": \"http://adaptivecards.io/schemas/adaptive-card.json\",\n    \"type\": \"AdaptiveCard\",\n    \"version\": \"1.5\",\n    \"body\": [\n        {\n            \"type\": \"TextBlock\",\n            \"text\": \"🔔 **Task Reminder**\\n\\nHi <at>@{outputs('Get_assignee_profile')?['body/displayName']}</at>, you have an incomplete task:\",\n            \"weight\": \"Bolder\",\n            \"size\": \"Medium\",\n            \"wrap\": true\n        },\n        {\n            \"type\": \"FactSet\",\n            \"facts\": [\n                {\n                    \"title\": \"🔹 Task:\",\n                    \"value\": \"@{items('Apply_to_each')?['title']}\"\n                },\n                {\n                    \"title\": \"📅 Due:\",\n                    \"value\": \"@{formatDateTime(items('Apply_to_each')?['dueDateTime'], 'MMM dd, yyyy')}\"\n                },\n                {\n                    \"title\": \"📊 Progress:\",\n                    \"value\": \"@{items('Apply_to_each')?['percentComplete']}% Complete\"\n                },\n                {\n                    \"title\": \"🔗 View:\",\n                    \"value\": \"[Open in Planner](https://tasks.office.com/planner?plannerTaskId=@{items('Apply_to_each')?['id']}&plannerPlanId=@{items('Apply_to_each')?['planId']})\"\n                }\n            ]\n        },\n        {\n            \"type\": \"TextBlock\",\n            \"text\": \"Please update the task status by the due date.\",\n            \"wrap\": true,\n            \"separator\": true\n        }\n    ],\n    \"actions\": [\n        {\n            \"type\": \"Action.OpenUrl\",\n            \"title\": \"View Task in Planner\",\n            \"url\": \"https://tasks.office.com/planner?plannerTaskId=@{items('Apply_to_each')?['id']}&plannerPlanId=@{items('Apply_to_each')?['planId']}\"\n        }\n    ],\n    \"msteams\": {\n        \"entities\": [\n            {\n                \"type\": \"mention\",\n                \"text\": \"<at>@{outputs('Get_assignee_profile')?['body/displayName']}</at>\",\n                \"mentioned\": {\n                    \"id\": \"@{outputs('Get_assignee_profile')?['body/userPrincipalName']}\",\n                    \"name\": \"@{outputs('Get_assignee_profile')?['body/displayName']}\"\n                }\n            }\n        ]\n    }\n}"},"host":{"apiId":"/providers/Microsoft.PowerApps/apis/shared_teams","connectionName":"shared_teams","operationId":"PostCardToConversation"},"authentication":"@parameters('$authentication')"}}},"else":{"actions":{}},"expression":{"and":[{"greater":["@length(string(items('Apply_to_each')?['assignments']))",2]}]},"type":"If"}},"else":{"actions":{}},"expression":{"and":[{"not":{"equals":["@items('Apply_to_each')?['percentComplete']",100]}}]},"type":"If"}},"runAfter":{"List_tasks":["Succeeded"]},"type":"Foreach"}},"outputs":{}},"connectionReferences":{"shared_planner":{"connectionName":"shared-planner-59adeb21-0433-4f0c-8571-d2b86a7b0375","source":"Embedded","id":"/providers/Microsoft.PowerApps/apis/shared_planner","tier":"NotSpecified","apiName":"planner","isProcessSimpleApiReferenceConversionAlreadyDone":false},"shared_office365users":{"connectionName":"shared-office365user-bdc08773-839e-433b-b822-5a160c034269","source":"Embedded","id":"/providers/Microsoft.PowerApps/apis/shared_office365users","tier":"NotSpecified","apiName":"office365users","isProcessSimpleApiReferenceConversionAlreadyDone":false},"shared_teams":{"connectionName":"shared-teams-d2f2c4dd-47b8-47e5-b674-a278bfd8aa99","source":"Embedded","id":"/providers/Microsoft.PowerApps/apis/shared_teams","tier":"NotSpecified","apiName":"teams","isProcessSimpleApiReferenceConversionAlreadyDone":false}},"flowFailureAlertSubscribed":false,"isManaged":false}}